src_lang,dest_lang,latent_lang,avg_prob,sem95_error,correct,total
fr,de,ru,0.71875,0.0534424261685608,111,133
fr,de,zh,0.70703125,0.0534424261685608,111,133
fr,de,es,0.69140625,0.05377436670376925,108,133
fr,de,en,0.384765625,0.05311048563335235,73,133
fr,ru,de,0.68359375,0.057425712591062224,106,133
fr,ru,zh,0.66796875,0.05609795045022842,106,133
fr,ru,es,0.65234375,0.05842153419668758,102,133
fr,ru,en,0.333984375,0.04846331814043401,72,133
fr,zh,de,0.61328125,0.05510212884460306,98,133
fr,zh,ru,0.58203125,0.054106307238977705,94,133
fr,zh,es,0.6015625,0.054770188309394605,98,133
fr,zh,en,0.291015625,0.040330775027826934,56,133
fr,es,de,0.76171875,0.05543406937981151,108,133
fr,es,ru,0.7734375,0.05377436670376925,112,133
fr,es,zh,0.78125,0.054106307238977705,111,133
fr,es,en,0.46875,0.059417355802312936,78,133
fr,en,de,0.68359375,0.054106307238977705,105,133
fr,en,ru,0.7109375,0.04979108028126782,111,133
fr,en,zh,0.703125,0.049127199210850916,112,133
fr,en,es,0.63671875,0.054106307238977705,101,133
de,fr,ru,0.703125,0.051782723492518536,110,133
de,fr,zh,0.703125,0.051450782957310086,111,133
de,fr,es,0.58203125,0.05676183152064532,95,133
de,fr,en,0.30859375,0.047467496534808654,66,133
de,ru,fr,0.67578125,0.05377436670376925,110,133
de,ru,zh,0.69921875,0.04879525867564247,113,133
de,ru,es,0.6875,0.04979108028126782,111,133
de,ru,en,0.33984375,0.04613973439397485,77,133
de,zh,fr,0.59375,0.05510212884460306,99,133
de,zh,ru,0.59375,0.051782723492518536,102,133
de,zh,es,0.6171875,0.0534424261685608,102,133
de,zh,en,0.298828125,0.04016480476022271,62,133
de,es,fr,0.58984375,0.06074511794314675,93,133
de,es,ru,0.72265625,0.051450782957310086,113,133
de,es,zh,0.7265625,0.051450782957310086,111,133
de,es,en,0.35546875,0.05012302081647627,70,133
de,en,fr,0.61328125,0.05974929633752139,98,133
de,en,ru,0.74609375,0.04547585332355794,118,133
de,en,zh,0.73828125,0.046803615464391754,115,133
de,en,es,0.66796875,0.0534424261685608,105,133
ru,fr,de,0.6875,0.054438247774186155,108,133
ru,fr,zh,0.7265625,0.0534424261685608,110,133
ru,fr,es,0.59765625,0.06008123687272984,96,133
ru,fr,en,0.330078125,0.04879525867564247,64,133
ru,de,fr,0.6953125,0.05576600991501996,109,133
ru,de,zh,0.765625,0.04613973439397485,119,133
ru,de,es,0.74609375,0.04813137760522556,117,133
ru,de,en,0.423828125,0.05277854509814389,77,133
ru,zh,fr,0.609375,0.05775765312627068,93,133
ru,zh,de,0.64453125,0.05510212884460306,98,133
ru,zh,es,0.6328125,0.05609795045022842,98,133
ru,zh,en,0.310546875,0.04481197225314105,60,133
ru,es,fr,0.59765625,0.06240482061918901,91,133
ru,es,de,0.7265625,0.05377436670376925,110,133
ru,es,zh,0.7421875,0.051782723492518536,111,133
ru,es,en,0.37890625,0.05244660456293544,66,133
ru,en,fr,0.59375,0.0610770584783552,96,133
ru,en,de,0.6796875,0.05609795045022842,105,133
ru,en,zh,0.6953125,0.04846331814043401,111,133
ru,en,es,0.64453125,0.05576600991501996,102,133
zh,fr,de,0.609375,0.05676183152064532,98,133
zh,fr,ru,0.64453125,0.054438247774186155,105,133
zh,fr,es,0.546875,0.05842153419668758,91,133
zh,fr,en,0.296875,0.047467496534808654,59,133
zh,de,fr,0.58984375,0.06140899901356364,92,133
zh,de,ru,0.64453125,0.05775765312627068,98,133
zh,de,es,0.62890625,0.05842153419668758,97,133
zh,de,en,0.345703125,0.05045496135168473,63,133
zh,ru,fr,0.53125,0.059417355802312936,92,133
zh,ru,de,0.56640625,0.05676183152064532,98,133
zh,ru,es,0.54296875,0.05609795045022842,100,133
zh,ru,en,0.248046875,0.04182450743626497,64,133
zh,es,fr,0.5390625,0.06074511794314675,83,133
zh,es,de,0.64453125,0.05377436670376925,109,133
zh,es,ru,0.65234375,0.052114664027726985,109,133
zh,es,en,0.337890625,0.047467496534808654,69,133
zh,en,fr,0.5546875,0.05576600991501996,95,133
zh,en,de,0.625,0.05311048563335235,104,133
zh,en,ru,0.6796875,0.0451439127883495,115,133
zh,en,es,0.6171875,0.05277854509814389,103,133
es,fr,de,0.75,0.054770188309394605,109,133
es,fr,ru,0.78125,0.052114664027726985,113,133
es,fr,zh,0.78515625,0.052114664027726985,113,133
es,fr,en,0.44140625,0.05576600991501996,79,133
es,de,fr,0.66015625,0.060413177407938286,102,133
es,de,ru,0.73828125,0.05244660456293544,110,133
es,de,zh,0.734375,0.05111884242210163,113,133
es,de,en,0.3984375,0.05311048563335235,78,133
es,ru,fr,0.64453125,0.05974929633752139,102,133
es,ru,de,0.67578125,0.05642989098543687,106,133
es,ru,zh,0.671875,0.05377436670376925,108,133
es,ru,en,0.326171875,0.049127199210850916,71,133
es,zh,fr,0.61328125,0.05642989098543687,103,133
es,zh,de,0.6484375,0.05277854509814389,109,133
es,zh,ru,0.609375,0.05277854509814389,101,133
es,zh,en,0.3046875,0.04315226957709878,62,133
es,en,fr,0.6171875,0.06373258276002282,91,133
es,en,de,0.69921875,0.05808959366147913,105,133
es,en,ru,0.7421875,0.05045496135168473,112,133
es,en,zh,0.73828125,0.052114664027726985,113,133
en,fr,de,0.75390625,0.047467496534808654,114,133
en,fr,ru,0.79296875,0.04132659663345229,120,133
en,fr,zh,0.80078125,0.039666893957410035,122,133
en,fr,es,0.6796875,0.05244660456293544,110,133
en,de,fr,0.69921875,0.054106307238977705,113,133
en,de,ru,0.78515625,0.04282032904189033,120,133
en,de,zh,0.78125,0.04215644797147342,121,133
en,de,es,0.7578125,0.045807793858766405,118,133
en,ru,fr,0.7109375,0.05576600991501996,112,133
en,ru,de,0.74609375,0.05078690188689318,116,133
en,ru,zh,0.734375,0.04846331814043401,113,133
en,ru,es,0.73046875,0.05111884242210163,113,133
en,zh,fr,0.6484375,0.057093772055853774,101,133
en,zh,de,0.6875,0.05377436670376925,104,133
en,zh,ru,0.66015625,0.052114664027726985,107,133
en,zh,es,0.6796875,0.054438247774186155,104,133
en,es,fr,0.65625,0.059417355802312936,101,133
en,es,de,0.78125,0.046803615464391754,117,133
en,es,ru,0.7890625,0.044480031717932585,117,133
en,es,zh,0.8046875,0.04381615064751568,120,133
